PH,Rule_PH,LM_PH
8.36,8.5,8.524564179932
8.26,8.5,8.534572764073951
8.94,8.2,8.534172985359707
8.24,8.2,8.549220638465286
8.26,8.2,8.552896976471933
8.32,8.2,8.540443626106594
8.4,8.5,8.548799225222684
8.38,8.5,8.5370257042255009
8.38,8.5,8.543385050700039
8.5,8.5,8.519147755772263
8.34,8.5,8.528268769779112
8.34,8.5,8.548473600917665
8.34,8.5,8.531820421971037
8.38,8.5,8.534266888763586
8.4,8.5,8.546204922482444
8.42,8.5,8.535481783772873
8.58,8.5,8.595368112686614
8.5,8.5,8.540373016788802
8.44,8.5,8.551770883159039
8.3,8.5,8.52898332434673
8.42,8.5,8.516192774609884
8.48,8.5,8.528524505753614
8.52,8.5,8.666147205501098
8.44,8.5,8.56917421985833
8.44,8.5,8.55337810956925
8.4,8.5,8.63631849676128
8.42,8.5,8.571284309862953
8.42,8.5,8.574782859512277
8.4,8.5,8.553903300713056
8.44,8.5,8.567252395141661
8.36,8.5,8.575682004713869
8.36,8.5,8.5647909521443
8.4,8.5,8.55866984791427
8.38,8.5,8.551444107352786
8.44,8.5,8.553199169710693
8.36,8.5,8.553017431147115
8.4,8.5,8.56038053072566
8.38,8.5,8.550557688718916
8.36,8.5,8.560034828508341
8.28,8.5,8.5446166224833
8.26,8.5,8.538947528942169
8.28,8.5,8.556043892195238
8.4,7.9,8.628328677774814
8.46,7.2,8.610753203493616
8.4,7.2,8.6328908853474
8.42,7.9,8.608816951640062
8.56,7.2,8.616541881141975
8.5,7.2,8.63446031230085
8.5,7.2,8.61531146085995
8.6,7.9,8.570683592658405
8.4,7.9,8.55782748732689
8.5,7.9,8.559582549684794
8.5,7.5,8.546938135326483
8.46,7.9,8.569421519397588
8.46,7.9,8.623544026746114
8.56,7.2,8.571023370584657
8.6,7.2,8.568369163025157
8.56,7.9,8.595443006509315
8.54,7.2,8.562251459933453
8.66,7.2,8.575060387013439
8.6,7.5,8.557819313398726
8.66,7.2,8.554489226677328
8.58,7.9,8.597929300208817
8.6,7.9,8.58861607070776
8.64,7.9,8.73267326584194
8.6,7.9,8.5742276199901
8.6,7.9,8.62077051063166
8.62,8.5,8.537026253293428
8.6,8.5,8.56126415065451
8.74,8.5,8.532109620507429
8.64,8.5,8.533906210341453
8.7,8.5,8.56097840494963
8.7,8.5,8.54496007506353
8.72,8.5,8.542684923269304
8.7,8.5,8.537057357204292
8.72,8.5,8.69675772497237
8.7,8.5,8.687789648620704
8.7,8.5,8.694462495265844
8.7,8.5,8.55494913036111
8.74,8.5,8.603227940143615
8.66,8.5,8.546518971720973
8.74,8.5,8.550720500871424
8.72,8.5,8.547045863433942
8.7,8.5,8.531419916641951
8.74,8.5,8.587646589704029
8.76,8.5,8.586057740636956
8.6,8.2,8.543443535883414
8.66,7.9,8.561742067578042
8.76,7.9,8.596139183733793
8.6,7.9,8.720012174709652
8.52,8.5,8.555282708444013
8.52,8.5,8.55228109809803
8.58,8.5,8.550180333522803
8.5,8.5,8.54773556729942
8.56,8.5,8.530127288538198
8.54,8.5,8.539126468800726
8.54,8.5,8.562135593083566
8.58,8.5,8.5899486163062
8.54,8.5,8.558623218730663
8.48,8.5,8.550720500871424
8.54,8.5,8.567411806155844
8.48,8.5,8.539472171018046
8.42,8.5,8.542817783012186
8.54,8.5,8.546643657535691
8.52,8.5,8.564430273722165
8.56,8.5,8.552131561581174
8.56,8.5,8.52349712087041
8.58,8.5,8.550873438526608
8.52,8.5,8.529648177510067
8.48,8.5,8.57128260929379
8.58,8.5,8.57042839270664
8.58,8.5,8.57251248050789
8.56,8.5,8.569542523140699
8.64,8.5,8.57198558879492
8.58,8.5,8.576574347638811
8.58,8.5,8.611161978719606
8.6,8.5,8.600812794067823
8.6,8.5,8.645598372714383
8.52,8.5,8.628037874638
8.58,8.5,8.553195219504438
8.6,8.5,8.538797443357383
8.54,8.5,8.562705163773888
8.58,8.5,8.552342703486449
8.58,8.5,8.563600907837156
8.78,8.5,8.524400709697629
8.84,8.5,8.563230354917694
8.28,8.5,8.553753764196196
8.3,8.5,8.557621166195817
8.32,8.5,8.555509375622034
8.32,8.5,8.542323093345937
8.5,8.5,8.54604040976077
8.48,8.5,8.527386301351495
8.46,8.5,8.554278955340004
8.44,8.5,8.555020610246855
8.42,8.5,8.545128537991456
8.42,8.5,8.544450409192466
8.36,8.5,8.657416822326011
8.34,8.5,8.549208233397588
8.22,8.5,8.547453171039681
8.16,8.5,8.547813849461816
8.14,8.5,8.535500161116012
8.12,8.5,8.550062449984738
8.08,8.5,8.566392527779094
8.08,8.5,8.546910754053968
8.14,8.5,8.523721538411337
8.1,8.5,8.536878417345735
8.5,8.5,8.53777871404856
8.58,8.5,8.537221869925963
8.56,8.5,8.549012067697124
8.56,8.5,8.528629448201245
8.56,8.5,8.613709877807528
8.64,7.9,8.582467866138495
8.6,7.9,8.57034864292399
8.6,7.9,8.575100213920392
8.4,7.9,8.57703251556769
8.38,7.9,8.563341669128018
8.36,7.9,8.561059715057144
8.36,8.2,8.551205769139537
8.4,8.5,8.559703553427905
8.4,8.5,8.592401561838754
8.4,8.5,8.60294521162184
8.42,8.5,8.602059342055899
8.4,8.5,8.554607980783349
8.4,8.5,8.563050865991208
8.4,8.5,8.550931642776703
8.4,8.5,8.536711654986972
8.4,8.5,8.541259435422672
8.44,8.5,8.539324335070352
8.4,8.5,8.5743141720494
8.22,7.9,8.623927032717642
8.24,7.9,8.627438858002618
8.2,7.9,8.612514739210521
8.3,8.5,8.662877023598957
8.32,8.5,8.670050210685766
8.32,8.5,8.646542995598347
8.28,8.5,8.593646409257667
8.4,7.9,8.57025001100583
8.3,7.5,8.555586238148548
8.34,8.2,8.552046710091036
8.36,7.9,8.586662043944369
8.32,7.9,8.565229591228805
8.54,7.9,8.6315024257027
8.68,7.9,8.549039448969637
8.7,8.5,8.530219997837479
8.76,8.5,8.523889452271334
8.82,8.5,8.523170345064157
8.82,8.5,8.524250130693469
8.84,8.5,8.523545450623176
8.86,8.5,8.52599021684656
8.84,8.5,8.522117713139453
8.88,8.5,8.522988606500581
8.9,8.5,8.525794051146098
8.94,8.5,8.524743668858486
8.58,8.5,8.572728501933756
8.54,8.5,8.52060999292417
8.48,8.5,8.519641293937278
8.46,8.5,8.521773711491296
8.46,8.5,8.522298902635102
8.46,8.5,8.524728692653671
8.54,8.5,8.522298902635102
8.54,8.5,8.523184772201041
8.6,8.5,8.542256166099753
8.58,8.5,8.525646215198403
8.38,7.9,8.564004821722197
8.46,7.2,8.57615064957338
8.46,7.2,8.581580296003393
8.48,7.9,8.566113760225585
8.48,7.2,8.572087028507921
8.5,7.9,8.556112527428212
8.44,7.9,8.55663716950409
8.5,7.9,8.55330428407767
8.48,8.2,8.554000187786496
8.52,7.9,8.574187793083148
8.4,7.5,8.548713824664619
8.46,7.5,8.551143614683188
8.44,7.9,8.558547692669926
8.44,7.9,8.547822853391189
8.44,8.2,8.539049242170824
8.46,8.2,8.539738946036303
8.48,8.2,8.544104987908428
8.46,8.2,8.540953841045587
8.46,8.2,8.534487034598238
8.46,8.2,8.537998859883212
8.58,7.9,8.59925653805589
8.48,8.2,8.538178348809696
8.46,8.2,8.541886339795132
8.54,8.2,8.541854686816343
8.54,8.2,8.540624815602245
8.58,8.5,8.526500980853482
8.58,8.5,8.521757034717318
8.56,8.5,8.526350895268695
8.58,8.5,8.520048601543015
8.72,8.5,8.537157249026631
8.54,8.2,8.52801807986354
8.56,8.5,8.519312268493934
8.6,8.5,8.521428009273974
8.62,8.5,8.529305876431073
8.62,8.5,8.525268860002292
8.62,8.5,8.525104347280621
8.6,8.5,8.527550814073168
8.6,8.5,8.52667992071204
8.62,8.5,8.525975240641747
8.62,8.5,8.523695536207965
8.66,8.5,8.532786048737256
8.64,8.5,8.528420006865131
8.8,8.5,8.56897579913977
8.68,8.5,8.528765709082453
8.68,8.5,8.523693286570872
8.72,8.5,8.523151967721017
8.64,8.5,8.532817701716047
8.7,8.5,8.528420006865131
8.68,8.5,8.59924232234389
8.7,8.5,8.585903102412612
8.68,8.5,8.571684815192041
8.68,8.5,8.571133072776933
8.66,8.5,8.583086082700605
8.66,8.5,8.570591204859149
8.7,8.5,8.654373684503911
8.72,8.5,8.672015640349734
8.68,8.5,8.642960841928861
8.7,8.5,8.660373504057551
8.68,8.5,8.600468792419665
8.66,8.5,8.589082501115916
8.58,8.5,8.514733384147368
8.56,8.5,8.517901207784186
8.56,8.5,8.513699678633733
8.56,8.5,8.522134389913429
8.54,8.5,8.52124852034749
8.56,8.5,8.52667992071204
8.54,8.5,8.520871165151377
8.56,8.5,8.51634061055758
8.6,8.5,8.523693286570872
8.58,8.5,8.54850015218897
8.6,8.5,8.54688135071227
8.58,8.5,8.516507372916344
8.62,8.5,8.541612762500225
8.58,8.5,8.520919494904144
8.7,7.9,8.632707995282589
8.72,7.9,8.633053697499909
8.7,7.9,8.622510047716823
8.72,7.9,8.605829768430963
8.68,7.9,8.611964697364574
8.66,7.9,8.589140712783637
8.74,7.9,8.607239677639479
8.7,7.9,8.569461072788888
8.7,8.2,8.552257851996313
8.72,8.5,8.517572182340842
8.72,8.5,8.520919494904144
8.7,8.5,8.521969877191758
8.72,8.5,8.521444686047952
8.7,8.5,8.526169705773047
8.68,8.5,8.524760345632462
8.7,8.5,8.546399387613743
8.7,8.5,8.538662883045339
8.7,8.5,8.521605797631297
8.82,8.5,8.535647611436293
8.7,8.5,8.522495068335564
8.7,8.5,8.520919494904144
8.7,8.5,8.520394303760337
8.74,8.5,8.522495068335564
8.74,8.5,8.521773711491296
8.64,8.5,8.571713067032508
8.6,8.5,8.527386301351495
8.62,8.5,8.540027314571482
8.62,8.5,8.52141303306916
8.64,8.5,8.522282225861124
8.64,8.5,8.523513797644387
8.58,7.5,8.549549114840701
8.58,8.2,8.545516048618175
8.68,7.9,8.564842688416398
8.6,8.2,8.547616813193402
8.62,7.5,8.545680561339847
8.7,7.9,8.550331474640084
8.7,7.9,8.564498359887212
8.78,7.9,8.577654414201403
8.7,7.2,8.558737934079314
8.82,7.2,8.599523631229783
8.72,7.2,8.561725117288413
8.72,8.2,8.556639419141181
8.72,7.2,8.553309934853088
8.72,7.9,8.568920905440265
8.74,7.9,8.562967715070235
8.76,8.5,8.54793003243072
8.84,8.5,8.542912187499626
8.86,8.5,8.53586028508921
8.8,8.5,8.517869554805394
8.82,8.5,8.523482144665595
8.78,8.5,8.527190135651033
8.8,8.5,8.5240073358094
8.88,8.5,8.519860933307362
8.8,8.5,8.523349284922716
8.8,8.5,8.524728692653671
8.82,8.5,8.527386301351495
8.78,8.5,8.52633591906388
8.8,8.5,8.527386301351495
8.82,8.5,8.526861110207689
8.82,8.5,8.526073323491978
8.86,8.5,8.520740555045588
8.86,8.5,8.524070641766984
8.88,8.5,8.519673495983996
8.86,8.2,8.534943221024673
8.84,7.2,8.557872691493607
8.86,7.2,8.55401461492338
8.92,7.5,8.547508857518036
8.84,7.2,8.560163970993877
8.86,7.2,8.568216225369973
8.84,7.2,8.560689162137683
8.82,7.9,8.55752303907003
8.84,7.2,8.556625594437602
8.84,7.2,8.557150785581408
8.82,7.9,8.557162360647895
8.8,7.9,8.55348602264125
8.84,8.5,8.52613975336342
8.84,8.5,8.523349284922716
8.5,8.5,8.685271701942412
8.36,8.5,8.534014219382192
8.18,8.5,8.527897065358417
8.26,8.5,8.527340221235818
8.3,8.5,8.589749054848419
8.28,8.5,8.528780685287266
8.1,8.5,8.56147529255979
8.18,8.5,8.512078025086637
8.1,8.5,8.517918433626091
8.14,8.5,8.515439764786825
8.26,8.5,8.648173749043556
8.12,8.5,8.522478391561588
8.14,8.5,8.51980580665895
8.12,8.5,8.523138692085366
8.14,8.5,8.527401277556308
8.16,8.5,8.521444686047952
8.12,8.5,8.52443132018912
8.16,8.5,8.522117713139453
8.16,8.5,8.524775321837275
8.14,8.5,8.519672946916069
8.16,8.5,8.521249069415417
8.16,8.5,8.541827305543828
8.18,8.5,8.548860830611105
8.24,7.9,8.549582736523302
8.22,7.9,8.538680108887243
8.3,8.5,8.617899831891492
8.6,8.5,8.544855467161115
8.6,8.5,8.585773643808057
8.62,8.5,8.589282067954704
8.64,8.5,8.574385651935145
8.64,7.9,8.567533316363521
8.62,8.5,8.563994939807243
8.64,8.5,8.565032046459205
8.6,8.5,8.563456473027784
8.58,8.5,8.576444889034255
8.56,8.5,8.596729425679902
8.58,7.5,8.553159849268303
8.58,7.5,8.548762703485314
8.6,7.5,8.549827512909813
8.64,7.5,8.550158787990249
8.58,7.5,8.548237512341508
8.64,8.2,8.54735389241266
8.62,7.5,8.547368319549545
8.62,7.9,8.568946358575712
8.66,7.5,8.549648573051257
8.62,7.5,8.552274528770289
8.66,7.5,8.548072999619837
8.66,7.5,8.554557031909093
8.66,7.5,8.554210780623844
8.64,7.5,8.55457145904598
8.66,7.2,8.555786354055265
8.66,7.5,8.551599252041697
8.7,7.9,8.580743305258148
8.68,7.9,8.573723055826525
8.74,7.9,8.565818637398122
8.7,8.2,8.555442901475034
8.7,7.9,8.566134387205816
8.68,8.2,8.55489933298809
8.72,8.2,8.550520015480313
8.74,7.9,8.612192516043828
8.74,7.9,8.60763030847124
8.74,7.9,8.66804523504812
8.76,7.9,8.641281490596237
8.62,7.9,8.604420957358307
8.62,7.9,8.596365301843885
8.6,7.9,8.712534315506895
8.62,7.9,8.651516741916211
8.56,7.9,8.602651467863515
8.58,7.9,8.609682743293698
8.6,7.9,8.622666660025985
8.7,8.5,8.528976850987728
8.74,8.5,8.5308986757044
8.78,8.5,8.528631148770407
8.74,8.5,8.529698207831999
8.74,8.5,8.52705782497608
8.76,8.2,8.526368121110602
8.8,8.5,8.527583016119886
8.78,8.5,8.523020808547301
8.82,8.5,8.528976850987728
8.84,8.5,8.52599021684656
8.78,7.2,8.611101155348027
8.8,7.9,8.62005425549488
8.8,7.9,8.61828366786423
8.82,7.2,8.607755543353887
8.8,7.9,8.573485362649945
8.8,7.2,8.56051192284829
8.82,7.2,8.575074211717016
8.82,7.2,8.58387777534701
8.78,7.2,8.57297344714179
8.82,7.2,8.597194667728896
8.8,7.9,8.57596008128296
8.84,8.2,8.557347500349799
8.82,8.5,8.531798972407225
8.8,8.5,8.531273781263419
8.82,8.2,8.528994076829633
8.76,8.5,8.530925226975702
8.8,8.5,8.543390152407529
8.78,8.5,8.531418216072788
8.76,8.5,8.521624174974436
8.78,8.5,8.526350895268695
8.8,8.5,8.529502042131535
8.84,8.5,8.52825549414346
8.84,8.5,8.528616172565593
8.84,8.5,8.53353565742199
8.86,8.5,8.527401277556308
8.88,8.2,8.55577192691838
8.92,8.2,8.55347499664269
8.9,7.2,8.556493283762649
8.92,8.2,8.554917710331228
8.78,8.2,8.546465773209627
8.76,8.2,8.546105094787492
8.74,7.5,8.547498929655335
8.76,7.5,8.54802412079914
8.78,8.2,8.541721827073461
8.74,8.2,8.541542887214904
8.76,8.2,8.549585267093674
8.82,8.2,8.540639791807056
8.84,8.2,8.53463207184091
8.86,8.2,8.53853902723183
8.86,7.9,8.582178498780586
8.82,7.5,8.546777572811065
8.7,7.9,8.541659014535252
8.56,7.9,8.590703833162989
8.58,7.9,8.613383382934558
8.82,7.9,8.561304478398464
8.5,8.5,8.55569056511768
8.48,8.5,8.556933711967432
8.48,8.5,8.563083068037926
8.46,8.5,8.5632475807596
8.46,8.5,8.56729617225487
8.46,8.5,8.575021101756786
8.48,8.5,8.559903669334624
8.42,8.5,8.566200312284884
8.4,8.5,8.5288343368978
8.44,8.5,8.5614902687646
8.44,8.5,8.56815038884202
8.46,8.5,8.539517099632489
8.46,8.5,8.544077606635915
8.46,8.5,8.542847735421816
8.44,8.5,8.53669837935132
8.44,8.5,8.541635090049622
8.48,7.9,8.536926198030573
8.56,7.9,8.554772397536277
8.62,7.2,8.558037204215278
8.62,7.2,8.567518347576332
8.62,7.2,8.557543666050261
8.64,7.2,8.557543666050261
8.6,8.2,8.559283752203353
8.64,7.2,8.5550822230529
8.62,7.9,8.612704980619913
8.66,8.2,8.55193107619006
8.64,7.2,8.557182987628126
8.64,8.2,8.552981458477673
8.64,8.2,8.557708178771932
8.66,7.9,8.607823073033376
8.64,8.5,8.525465025702754
8.68,8.5,8.531767319428432
8.68,8.5,8.616277629276468
8.7,8.5,8.521067330851839
8.72,8.5,8.517226480123522
8.7,8.5,8.527579065913631
8.7,8.5,8.530909701702956
8.7,8.5,8.524250130693469
8.7,8.5,8.527747528841559
8.7,8.5,8.532125145780173
8.7,8.5,8.531420465709878
8.72,8.5,8.524250130693469
8.64,8.5,8.52617195541014
8.64,8.2,8.546434120230835
8.62,8.2,8.546269607509164
8.7,8.2,8.55011045823748
8.68,7.9,8.62214371851927
8.54,7.9,8.564373674072494
8.54,7.9,8.564024021648917
8.68,8.2,8.550274970959153
8.66,8.2,8.545891703245122
8.64,7.9,8.572161083239592
8.6,8.2,8.541542887214904
8.64,8.5,8.527026171997289
8.7,8.5,8.543360199997899
8.72,8.5,8.55160296929904
8.72,8.5,8.594109995013053
8.7,8.5,8.520213114264688
8.76,8.5,8.600209869829547
8.76,8.5,8.563230354917694
8.76,8.5,8.620105204369134
8.72,8.5,8.527926468700114
8.74,8.5,8.529337529409863
8.78,8.5,8.66977916396123
8.76,8.5,8.547034288367453
8.72,8.5,8.550241938911222
8.72,8.5,8.530055485115806
8.76,8.5,8.579414846401447
8.76,8.5,8.52671157369083
8.78,8.5,8.52582570412489
8.8,8.5,8.577839272970026
8.76,8.5,8.522149366118242
8.74,8.5,8.523364261127528
8.76,8.5,8.52549327754322
8.74,8.5,8.520573792686823
8.76,8.5,8.521428009273974
8.74,8.5,8.52264290428326
8.82,7.5,8.546630285931299
8.78,7.2,8.560120742948598
8.8,7.2,8.557676525793143
8.8,7.9,8.55663716950409
8.8,7.9,8.58825144207937
8.82,8.2,8.552604103281562
8.78,7.9,8.552226472533176
8.74,8.2,8.540657017648963
8.76,7.9,8.54258986836419
8.76,8.2,8.543660877632036
8.62,7.9,8.540014537736209
8.52,7.9,8.554876456370767
8.6,7.9,8.56859610371883
8.78,7.9,8.687548015999884
8.76,8.2,8.558019978373371
8.78,8.2,8.546990964353434
8.76,8.2,8.549781432794138
8.78,8.2,8.552768066935306
8.74,8.5,8.525104347280621
8.8,8.5,8.520198138059875
8.8,8.5,8.527040599134173
8.8,8.5,8.52599021684656
8.8,8.5,8.524399667210329
8.84,8.5,8.526350895268695
8.8,8.5,8.522149366118242
8.8,8.5,8.525300512981083
8.8,8.5,8.524250130693469
8.74,8.5,8.526876086412502
8.76,8.5,8.523020808547301
8.8,8.5,8.525121573122526
8.76,8.5,8.55394992989666
8.6,8.5,8.506763633372397
8.44,8.5,8.616179494733053
8.46,8.5,8.580657993251195
8.5,8.5,8.573101526677206
8.54,8.5,8.572383570971262
8.54,8.5,8.559046051609148
8.54,8.5,8.569052935181938
8.54,8.5,8.57010331746955
8.6,8.5,8.569572475550327
8.6,8.5,8.573252214695298
8.56,8.5,8.578335060772133
8.6,8.5,8.556062818606303
8.58,8.5,8.55445164198984
8.58,8.5,8.547300233384497
8.56,8.5,8.566197460214486
8.62,8.5,8.556184103282696
8.6,8.5,8.568464438080548
8.6,8.5,8.574419329019745
8.64,8.5,8.55352649458487
8.6,8.5,8.55777240328184
8.72,8.5,8.532956869094233
8.6,8.5,8.551079478724397
8.5,8.5,8.541453351486043
8.52,8.5,8.5444515606937
8.62,8.5,8.55863989550464
8.66,8.5,8.570969109123189
8.62,8.5,8.570251153417246
8.64,8.5,8.578695739194268
8.62,8.5,8.56959255346263
8.7,8.5,8.56656099070702
8.72,8.5,8.5647909521443
8.72,8.5,8.544946799427878
8.74,8.5,8.550030797005947
8.78,8.5,8.553672080895476
8.74,8.5,8.523168095427065
8.74,8.5,8.52438299043635
8.74,8.5,8.522627928078446
8.72,7.2,8.620921198649752
8.72,7.9,8.634604969297117
8.7,7.2,8.622513997923077
8.76,7.9,8.585402220320642
8.76,7.9,8.589847642491021
8.78,7.9,8.601800652414692
8.74,7.9,8.560313507510735
8.74,7.2,8.565758732578868
8.74,7.9,8.586500329927718
8.72,7.2,8.62054384345364
8.74,7.2,8.66343217457002
8.66,7.9,8.53402992220185
8.68,7.9,8.563452201321507
8.68,7.9,8.553822672944825
8.72,8.5,8.534386472870816
8.76,8.5,8.556509178519784
8.74,8.5,8.532289109433915
8.72,8.5,8.534012518813029
8.74,8.5,8.530681883023702
8.76,8.5,8.528584519586802
8.8,8.5,8.529466988014418
8.72,8.5,8.538945279305077
8.74,8.5,8.549836331874646
8.78,8.5,8.545289100506873
8.74,8.5,8.562839724085931
8.82,8.5,8.561067984954047
8.8,8.5,8.552161513990802
8.76,8.5,8.549174879849634
8.78,8.5,8.548814201427499
8.76,8.5,8.548289010283693
8.8,8.5,8.593074588930254
8.82,8.5,8.580265661850271
8.78,8.5,8.54319003650081
8.78,8.5,8.55635964200293
8.78,8.5,8.554425090718537
8.8,8.5,8.545124587785201
8.86,8.5,8.571249255745837
8.76,8.5,8.542350796118473
8.78,8.5,8.537777013479396
8.82,8.5,8.530592251326102
8.86,7.2,8.574694606883813
8.92,7.2,8.579424728316397
8.92,7.9,8.587004345023363
8.88,7.9,8.640399022168621
8.58,7.9,8.574861690742601
8.78,7.9,8.568756392718594
8.8,7.2,8.582088810373222
8.84,7.9,8.57121443457763
8.86,7.9,8.58052991371578
8.84,7.9,8.609670619159282
8.76,7.9,8.60439045588075
8.86,8.5,8.597487259985986
8.82,8.5,8.575530767627846
8.86,8.5,8.587664967047168
8.84,8.5,8.576609401755926
8.88,8.5,8.587000113883828
8.8,8.5,8.585371437909803
8.82,8.5,8.595045894900926
8.88,8.5,8.534950395883545
8.78,8.5,8.568166516548066
8.88,8.5,8.589042674208962
8.86,8.5,8.571631712649436
8.88,8.5,8.566054725974281
8.72,7.9,8.558583068287065
8.86,8.5,8.545504192618406
8.8,7.9,8.55591581265982
8.82,7.9,8.544214320616309
8.72,7.9,8.559824742135557
8.78,7.9,8.558400405790158
8.84,7.9,8.548595338693248
8.74,7.9,8.56608467838391
8.76,7.9,8.549431499437283
8.82,7.9,8.565544511035288
8.84,7.9,8.562396765310774
8.84,7.9,8.539717215539206
8.86,8.5,8.53919147532747
8.88,7.9,8.530237223679384
8.54,8.5,8.520263570534217
8.74,8.5,8.509796564435135
8.58,8.5,8.626673992179787
8.58,8.5,8.617180724684316
8.56,8.5,8.608932304607755
8.58,8.5,8.6059340954001
8.56,8.5,8.601734266818807
8.54,8.5,8.625116247023577
8.52,7.9,8.618443400378439
8.56,7.9,8.596278015752116
8.52,7.9,8.601376989535
8.54,8.5,8.596096826256467
8.6,8.5,8.613129883551954
8.58,8.5,8.587136374765038
8.62,8.5,8.580615314273846
8.62,8.5,8.596046795934535
8.62,8.5,8.587136923832965
8.52,8.5,8.58304115408616
8.52,8.5,8.58202242477734
8.54,8.5,8.571837752847225
8.36,8.5,8.610306061563294
8.28,8.5,8.59014615903918
8.34,8.5,8.596430075421718
8.26,8.5,8.575032127755343
8.3,8.5,8.578916206528941
8.26,8.5,8.57539335524541
8.42,7.9,8.5884959375326
8.5,7.9,8.59162815798437
8.5,7.9,8.589531343615398
8.54,7.9,8.59164708439544
8.56,7.9,8.589021128676405
8.44,7.2,8.612377655745732
8.44,7.2,8.614119442467986
8.5,7.9,8.595133180992695
8.52,7.9,8.597239596343337
8.5,7.9,8.588105855768767
8.46,7.9,8.586728148606971
8.62,7.9,8.639306076359803
8.4,7.2,8.655587660960872
8.42,7.9,8.674739860174725
8.54,7.9,8.635898146468799
8.5,7.9,8.692995712892003
8.48,7.9,8.682106909959526
8.48,7.9,8.595504009464427
8.46,7.9,8.629335002015935
8.54,7.9,8.61967552122963
8.52,7.9,8.62283994372812
8.5,7.9,8.6131920380083
8.62,7.9,8.620004546672972
8.64,7.9,8.628447431880833
8.64,7.9,8.601915456314458
8.64,8.5,8.57677616411469
8.6,8.5,8.574857740536347
8.64,8.5,8.565527834261314
8.56,7.9,8.591963383271063
8.42,7.9,8.573027701185628
8.42,7.9,8.565732129614382
8.42,7.9,8.561398065929884
8.46,7.9,8.551592998832975
8.48,7.9,8.548953218410361
8.48,7.9,8.552972406563931
8.48,7.9,8.556484231848906
8.48,7.9,8.544026931277314
8.58,7.9,8.59511573500051
8.52,7.9,8.56861305604508
8.5,7.9,8.567037482613662
8.56,7.9,8.60675403988697
8.56,7.9,8.598324430314761
8.56,7.2,8.604099283259544
8.58,7.9,8.583548749903667
8.56,7.9,8.583548749903667
8.54,7.9,8.572644421698447
8.58,7.9,8.584058964842662
8.54,7.2,8.558397882637413
8.54,8.2,8.55189942321127
8.58,7.2,8.57825361042032
8.62,7.9,8.559624352713186
8.62,7.9,8.57930059156961
8.7,8.5,8.544980152975832
8.74,8.5,8.528115832123929
8.74,8.5,8.52970638176016
8.72,8.5,8.526197957613512
8.72,8.5,8.531102466265095
8.74,8.5,8.535844162764167
8.74,8.5,8.52672314875732
8.74,8.5,8.529349104476353
8.76,8.5,8.535140031761806
8.72,8.5,8.530924677907771
8.7,8.5,8.532332337479193
8.8,8.5,8.54037811849629
8.76,8.5,8.534268589332749
8.72,8.5,8.541096074202233
8.68,8.5,8.547766068776978
8.74,8.5,8.560576147358196
8.72,8.5,8.530035407203505
8.84,8.5,8.534547584454163
8.78,8.5,8.525280435068781
8.82,8.5,8.53176106621971
8.64,8.2,8.548205859362719
8.68,7.9,8.560325082577224
8.66,7.9,8.554897083350998
8.72,7.9,8.595649046707106
8.72,7.9,8.59548283341627
8.72,7.9,8.592830875493863
8.74,7.2,8.59335606663767
8.7,7.9,8.56488729014981
8.7,7.9,8.551368581292046
8.7,7.9,8.56403307356266
8.72,7.9,8.572297018911962
8.7,7.9,8.56421481212624
8.7,7.9,8.56842791634318
8.72,7.9,8.564569839772957
8.68,7.9,8.567723236272887
8.72,7.9,8.564379324847911
8.78,8.5,8.53841361480227
8.78,8.5,8.526001791913052
8.76,8.5,8.530545622142498
8.78,8.5,8.531777193925759
8.78,8.5,8.534762127497764
8.76,8.5,8.533876257931823
8.82,8.5,8.52686983320378
8.82,8.5,8.53725182233559
8.78,8.5,8.53039608562564
8.76,8.5,8.540221779702783
8.8,8.5,8.539365862546466
8.76,8.5,8.549911212898717
8.78,8.5,8.54588917267475
8.8,8.5,8.536694978212992
8.82,8.5,8.535526712387314
8.84,8.5,8.539035136533961
8.82,8.5,8.551486786330138
8.8,8.5,8.553587550905364
8.8,8.5,8.552894445901558
8.78,8.5,8.548636413070176
8.78,8.5,8.567260569069823
8.8,8.5,8.570411715932662
8.8,8.5,8.574835962054882
8.82,8.5,8.556042191626073
8.84,8.5,8.57500387591488
8.82,8.5,8.572362943991031
8.64,8.5,8.588020543761816
8.7,8.5,8.590645945031913
8.68,8.5,8.599747435575395
8.72,8.5,8.594484498138767
8.68,8.5,8.601370187258349
8.7,8.5,8.592248624183572
8.7,8.5,8.58785433047098
8.74,8.5,8.604966542533436
8.78,8.5,8.57853885133283
8.8,8.5,8.581299367363908
8.72,8.5,8.582333621945471
8.7,8.5,8.615181166873178
8.78,8.5,8.558678021842432
8.88,8.5,8.556869856941919
8.88,8.5,8.551076077586071
8.88,8.5,8.551812410635154
8.92,8.5,8.554453342559002
8.86,8.5,8.556735296629878
8.92,8.5,8.545319052916502
8.88,8.5,8.546023732986793
8.9,8.5,8.552490539434144
8.86,8.5,8.55496695863632
8.52,8.5,8.633178375897
8.7,8.5,8.571851028482875
8.74,8.5,8.555679812634775
8.68,7.9,8.574392132711774
8.68,7.9,8.573162261497673
8.68,7.9,8.577528303369796
8.68,7.9,8.570689243433824
8.72,7.9,8.567526521504496
8.7,7.9,8.575430939932897
8.74,7.9,8.555955639566772
8.64,8.5,8.53848169354969
8.64,8.5,8.544287047972027
8.7,8.5,8.532167824757522
8.64,8.5,8.557927041506185
8.68,8.5,8.528295321050415
8.66,8.5,8.534461902962816
8.68,8.5,8.54502168045195
8.72,7.9,8.596187513486562
8.74,8.2,8.549945945515809
8.74,7.9,8.613736985564385
8.72,7.2,8.612854517136771
8.76,7.9,8.570675967798172
8.74,7.9,8.569986263932694
8.72,7.9,8.572251541229592
8.68,8.2,8.556639419141181
8.7,8.2,8.553654485569176
8.66,7.9,8.570528680918407
8.7,7.2,8.57876212479015
8.64,7.9,8.58560880958636
8.64,7.9,8.573502862007505
8.7,8.5,8.533221608183462
8.72,8.5,8.532860929761327
8.74,8.5,8.533221608183462
8.7,8.5,8.539370964253957
8.72,8.5,8.554651208828629
8.72,7.9,8.547816099098908
8.72,7.9,8.551131758683418
8.72,8.5,8.538126665902972
8.72,8.5,8.537074033978266
8.74,8.5,8.538470667551131
8.72,8.5,8.544454961832026
8.72,8.5,8.53600867548584
8.8,8.5,8.543389603339596
8.76,8.5,8.541093222131838
8.76,8.5,8.534945017562574
8.76,8.5,8.538453441709224
8.76,8.5,8.542518709978472
8.78,8.5,8.542947790684671
8.74,8.5,8.543565691127759
8.78,8.5,8.549261659476837
8.74,8.5,8.544109259614705
8.54,7.9,8.589985877457044
8.62,8.5,8.579173752086541
8.72,8.5,8.545500242412151
8.72,8.5,8.603651592261295
8.74,8.5,8.602769123833678
8.72,7.9,8.572096353937319
8.64,7.9,8.58768077325319
8.7,7.9,8.581741407586739
8.54,7.9,8.71509976564556
8.5,7.9,8.655036192061418
8.46,7.9,8.640083272360929
8.48,7.9,8.71529648041395
8.6,7.9,8.602714773821097
8.52,7.9,8.600974687668005
8.52,7.9,8.594989844319183
8.5,7.9,8.60394634560436
8.52,7.9,8.606226599106071
8.54,7.9,8.59061222738057
8.58,7.9,8.58392045432436
8.56,7.9,8.591451467762907
8.56,7.9,8.590401085475294
8.62,7.9,8.592333387122594
8.58,7.2,8.600930910554798
8.56,7.2,8.594946067205974
8.42,8.5,8.554623506056092
8.4,8.5,8.599494991725285
8.4,7.9,8.59282099357891
8.44,8.5,8.555696489408753
8.44,8.5,8.554468318763817
8.44,8.5,8.563768821697153
8.44,8.5,8.56222320067536
8.48,8.5,8.57872004082848
8.52,8.5,8.575882943204167
8.54,7.2,8.56990237897925
8.58,8.5,8.568211219631227
8.56,8.5,8.562333459353193
8.52,7.9,8.627606490929333
8.52,8.5,8.633200154378466
8.54,7.9,8.559742557751276
8.5,7.9,8.565199960319203
8.5,7.9,8.55466958617177
8.48,8.5,8.55606397010754
8.58,7.9,8.568157191118669
8.58,8.5,8.56041558484278
8.54,8.5,8.590139685680182
8.54,8.5,8.576609401755926
8.54,8.5,8.584154842331357
8.48,7.9,8.559754132817764
8.48,8.5,8.560292050529295
8.52,7.9,8.555899457385868
8.5,7.9,8.560640002383705
8.52,8.5,8.571650639060506
8.66,7.9,8.572463232202798
8.66,7.9,8.577907908203002
8.62,7.9,8.59265308713654
8.68,7.9,8.590387809839642
8.64,7.9,8.565969874484145
8.66,7.9,8.575627654701288
8.66,7.9,8.58387777534701
8.68,7.9,8.605850944479124
8.6,7.9,8.573345151562485
8.6,7.9,8.575982682348007
8.6,7.9,8.575982682348007
8.62,7.9,8.569652136781862
8.6,7.9,8.570175627356505
8.6,7.9,8.56645776187374
8.6,7.9,8.56996618602039
8.6,7.9,8.560316030663481
8.6,7.9,8.574732733221603
8.7,8.5,8.592188719364312
8.68,8.5,8.59591508769289
8.68,8.5,8.590633772913126
8.7,8.5,8.561084661728025
8.68,8.5,8.561132991480791
8.72,8.5,8.553933802190615
8.72,8.5,8.558280917651668
8.7,8.5,8.54691300369106
8.74,8.5,8.546401637250835
8.68,8.5,8.548141723403926
8.7,8.5,8.556602436886998
8.7,8.5,8.553584149767039
8.68,8.5,8.559032226905567
8.68,8.5,8.552025253109594
8.66,8.5,8.549565510681395
8.7,8.5,8.557802904759397
8.72,8.5,8.558131930202741
8.72,8.5,8.556902058988642
8.7,8.5,8.549535558271769
8.7,8.5,8.547449769901355
8.7,8.5,8.554305506611307
8.7,8.5,8.549550534476582
8.74,7.9,8.57220518556164
8.68,7.9,8.573515039507297
8.72,7.9,8.573324524582254
8.72,7.9,8.571737376084345
8.76,7.9,8.575788217216704
8.78,7.9,8.579462854654189
8.8,7.9,8.558194365592367
8.84,7.9,8.586991069387713
8.8,7.2,8.586465878243905
8.82,7.9,8.613030055857001
8.68,7.9,8.589189090520774
8.78,7.2,8.570528131850475
8.8,7.9,8.58474301793272
8.72,8.5,8.561294103064139
8.74,8.5,8.563198701938902
8.76,8.5,8.552877769127582
8.76,8.5,8.566017422220073
8.8,8.5,8.560768911920333
8.64,8.5,8.567624648630286
8.7,8.5,8.568329328700576
8.68,8.5,8.563933334418824
8.74,8.5,8.56983562019016
8.68,8.5,8.579758848049602
8.7,8.5,8.577300806190568
8.72,8.5,8.558686524688245
8.72,8.5,8.557636142400632
8.76,8.5,8.553974780598802
8.64,8.5,8.558357499244902
8.8,8.5,8.564295713410122
8.78,8.5,8.56659264368581
8.78,8.5,8.579384893991818
8.68,8.5,8.57481111135274
8.7,7.2,8.590759610229078
8.74,8.5,8.56919852149254
8.8,8.5,8.569919878336808
8.8,8.5,8.556707044789412
8.86,8.5,8.54934279370963
8.84,8.5,8.54074697084659
8.82,8.5,8.556060568969212
9.36,8.5,8.639006432734133
8.62,8.5,8.517449194812107
8.5,8.5,8.589832109800652
8.42,7.9,8.58016445508618
8.4,7.9,8.593666487169969
8.56,7.9,8.54455129241991
8.52,7.9,8.569290628358518
8.54,7.9,8.579643214148629
8.54,7.9,8.566681349413463
8.48,7.9,8.577168495515616
8.56,7.9,8.577693686659423
8.5,8.5,8.574342972957794
8.5,8.5,8.57491314608142
8.5,8.5,8.578047013736978
8.48,8.5,8.588382922753112
8.46,7.9,8.581381599732557
8.5,7.9,8.579987215796788
8.5,8.5,8.555882780611888
8.5,8.5,8.555714866751892
8.5,8.5,8.59996422825609
8.5,8.5,8.595044743399693
8.5,8.5,8.55220529110401
8.64,8.5,8.572740299187142
8.66,8.5,8.573445528325367
8.66,8.5,8.570955833487538
8.7,8.5,8.568333278906831
8.64,8.5,8.57238132133417
8.68,8.5,8.573624468183922
8.66,8.5,8.56815038884202
8.7,8.5,8.55568886454852
8.7,8.5,8.554292230975655
8.68,8.5,8.558686524688245
8.68,8.5,8.56409954770966
8.52,8.5,8.581543862817137
8.64,7.9,8.581952000424087
8.68,7.9,8.582974130871236
8.74,7.9,8.722669783407477
8.72,7.9,8.58036540099411
8.76,7.2,8.581940974425528
8.78,7.9,8.566278272947256
8.7,7.9,8.581430759486533
8.62,8.5,8.562884652700374
8.68,8.5,8.586466194362925
8.7,8.5,8.564460226131795
8.74,8.5,8.553570874131387
8.72,8.5,8.557965167843976
8.72,8.5,8.551830787978295
8.66,8.5,8.588415172784204
8.72,8.5,8.547268580405708
8.72,8.5,8.561309079268955
8.72,8.5,8.569559199914675
8.76,8.5,8.569391286054678
8.76,8.5,8.572903111339654
8.78,8.5,8.572903660407581
8.76,8.5,8.515053195051102
8.76,8.5,8.514181752622047
8.74,8.5,8.514673701107686
8.78,8.5,8.516897452804324
8.74,8.5,8.514494761249129
8.78,8.5,8.512821160412372
8.74,8.5,8.515659847716057
8.72,8.5,8.511902048188263
8.58,7.9,8.76602959865513
8.66,8.2,8.535672088087681
8.62,8.2,8.529394754078071
8.7,7.5,8.542603744557294
8.7,8.2,8.537620683979371
8.7,8.2,8.538145875123176
8.74,8.2,8.54072032173069
8.7,8.2,8.54192693379788
8.72,8.2,8.541164051353348
8.66,8.2,8.538379122798274
8.68,8.2,8.541461534707688
8.66,8.2,8.537589031000579
8.7,8.5,8.511949717983313
8.64,8.5,8.517463128936944
8.7,8.5,8.512892638422262
8.74,8.5,8.517135144105046
8.72,8.5,8.514163486168693
8.7,8.5,8.509792340713226
8.72,8.5,8.512892089354333
8.74,8.5,8.514048892879167
8.74,8.5,8.514369635380413
8.72,8.5,8.507856199749458
8.74,8.5,8.51132035523938
8.76,8.5,8.509956964324685
8.82,8.5,8.511211795254855
8.76,8.5,8.510259440372582
8.8,8.5,8.501962803308894
8.74,8.5,8.510561916420476
8.82,8.5,8.515232134909661
8.86,8.5,8.511991243583578
8.78,8.5,8.511432809781605
8.8,8.5,8.511245037913023
8.76,7.2,8.544800453439109
8.64,8.2,8.533091059107232
8.58,8.2,8.528956015273113
8.56,8.2,8.530564831362701
8.56,7.5,8.533503795708818
8.6,8.5,8.5123723824476
8.64,8.5,8.505369907925811
8.62,8.5,8.50901300327429
8.66,8.5,8.510153130025147
8.62,8.5,8.510622368431807
8.66,8.5,8.516136819996882
8.7,8.5,8.518817687841615
8.5,8.2,8.50908822381726
8.58,7.5,8.543989956440756
8.5,7.5,8.543239911453734
8.56,7.5,8.542266436171854
8.62,7.5,8.540355144034372
8.64,7.5,8.54067588653562
8.66,7.5,8.53946927446843
8.6,8.2,8.530569274988329
8.2,7.5,8.532369639357547
8.4,8.5,8.518712309091697
8.3,8.2,8.522292980219886
8.3,8.2,8.517986730401375
8.32,8.2,8.519562303832794
8.3,8.5,8.520828707953598
8.3,8.5,8.518367264956238
8.3,8.2,8.514107644321333
8.2,8.2,8.515772962215996
8.28,8.2,8.519326313101232
8.4,7.5,8.54736831767369
8.32,7.2,8.550938727862489
8.4,7.5,8.546267466886006
8.4,7.2,8.544725136112751
8.48,7.2,8.547459651816308
8.46,7.2,8.544218760490226
8.46,7.2,8.543478588124675
8.48,7.2,8.542643187058806
8.44,7.2,8.545702339821311
8.42,8.5,8.519220821585671
8.38,8.5,8.518514551836004
8.46,8.5,8.518908472916307
8.38,8.5,8.510513697557496
8.36,8.5,8.51214577279399
8.38,8.5,8.510964120442873
8.4,8.5,8.515888596116971
8.38,8.5,8.530560705485389
8.42,7.2,8.551904905572489
8.52,8.2,8.535380255508755
8.46,8.2,8.535707691272725
8.42,8.2,8.511005161756477
8.34,8.2,8.529864373138462
8.4,8.2,8.528508224554416
8.32,8.2,8.52172555553373
8.38,8.2,8.52396428343518
8.4,8.2,8.52964083921068
8.44,8.2,8.531150746157637
8.44,8.2,8.53533718821349
8.58,8.5,8.511388319345302
8.54,8.5,8.512180605131533
8.54,8.5,8.511688656645894
8.54,8.5,8.514806560850566
8.54,8.5,8.511311961407497
8.54,8.5,8.513098127676267
8.52,8.5,8.50646839818662
8.5,8.5,8.512985673134043
8.48,8.5,8.513131370334435
8.5,8.5,8.511645541366258
8.48,8.5,8.509765791317779
8.58,8.5,8.515509651241484
8.4,8.5,8.514519061007485
8.52,8.5,8.513606642046097
8.56,8.5,8.514246537369218
8.52,8.5,8.510801197400577
8.52,8.5,8.513806097995099
8.46,8.5,8.513731329736668
8.42,8.5,8.511805499572514
8.48,8.5,8.513706370020596
8.54,8.5,8.509760798624221
8.56,8.5,8.507537046927585
8.52,8.5,8.511467642119147
8.54,8.5,8.510417259831534
8.4,8.5,8.51720991423933
8.48,8.5,8.524399667210329
8.48,8.5,8.518855263235624
8.44,8.5,8.521145500248593
8.54,8.5,8.519363888495239
8.56,8.5,8.519274144031996
8.56,7.5,8.53680629242332
8.58,7.2,8.551313889070066
8.6,7.2,8.550821940584427
8.5,7.2,8.551962067335282
8.52,8.2,8.549508907280016
8.5,8.5,8.519538384728168
8.5,8.5,8.50735481682049
8.54,8.5,8.514386090374817
8.48,8.2,8.541482544217505
8.52,8.2,8.541425001800985
8.52,7.5,8.53788327934761
8.44,8.2,8.53942566576942
8.36,8.2,8.532416991404286
8.48,8.2,8.538671066266984
8.3,7.2,8.553793764244473
8.4,8.2,8.5354301749409
8.44,7.2,8.564092865616276
8.64,8.2,8.541154067842092
8.64,8.2,8.540916376541366
8.66,8.2,8.537692161989261
8.6,8.5,8.525234576732679
8.6,8.5,8.521647983189276
8.42,8.5,8.529621739004407
8.48,8.2,8.516642155007961
8.58,8.2,8.543262074747966
8.62,8.2,8.546323477147562
8.6,8.2,8.546610976990642
8.62,7.2,8.554298933531857
8.58,7.5,8.551279056732522
8.64,7.5,8.550891718025154
8.68,7.9,8.55293587178137
8.56,7.2,8.547242970025401
8.52,7.5,8.542948406163168
8.56,7.5,8.539436580878192
8.6,7.5,8.542045859823247
8.24,7.9,8.603356034760843
8.16,7.2,8.554388289677183
8.16,7.5,8.537511353147343
8.2,7.5,8.543729935714783
8.12,7.2,8.544249093553587
8.28,8.5,8.5110328553963
8.26,8.5,8.513043875508282
8.2,8.5,8.51775232934919
8.22,8.5,8.509617955370082
8.22,8.5,8.517153959626329
8.36,8.5,8.517898026549577
8.36,8.5,8.516472538702946
8.36,8.5,8.531642633613716
8.38,8.5,8.533430938629788
8.36,8.5,8.528459833772086
8.34,8.5,8.52469364041241
8.36,8.5,8.528476399656276
8.3,8.5,8.534168861358248
8.32,8.5,8.528320169876698
8.4,7.9,8.565287244535115
8.38,7.9,8.560527281582692
8.4,7.9,8.56148791940706
8.38,7.9,8.569167371226603
8.38,7.9,8.569749175065274
8.4,7.9,8.56949864630704
8.42,7.9,8.568371906081621
8.44,7.2,8.566886077113445
8.42,7.9,8.567009064234854
8.42,7.2,8.569847862428329
8.42,7.2,8.567771946679388
8.4,7.9,8.5606757774881
8.48,7.9,8.563211988743891
8.38,8.5,8.536874578029266
8.38,8.5,8.538810829882822
8.38,8.5,8.53553669589857
8.4,8.5,8.536415872201793
8.38,8.5,8.538598098298168
8.44,8.5,8.534832015828279
8.4,8.5,8.529744617111884
8.46,8.5,8.529661565911361
8.46,8.5,8.529844894154316
8.46,8.5,8.532354006946727
8.5,8.5,8.539415781978613
8.52,8.5,8.539568608744009
8.42,8.5,8.54031547437228
8.44,8.5,8.541246161662878
8.4,8.5,8.546767306490672
8.5,8.5,8.530937953543424
8.54,8.5,8.531250413102576
8.44,8.5,8.53446859434968
8.52,8.5,8.530702511879792
8.48,8.5,8.530495924489927
8.48,7.9,8.529839463282617
8.54,7.9,8.53150478117728
8.5,7.9,8.527582468927813
8.5,7.9,8.534031557989739
8.46,7.9,8.55731019659559
8.46,7.9,8.555726340222074
8.5,7.9,8.553338075803767
8.46,7.9,8.557561765965271
8.5,7.9,8.555069879014765
8.48,7.9,8.550081167661425
8.4,7.9,8.547572548288384
8.54,8.5,8.53270958178552
8.54,7.9,8.532030521389014
8.54,7.9,8.529002361647585
8.54,7.9,8.535863089175237
8.46,7.9,8.54208562194893
8.46,7.9,8.542297804465655
8.46,8.5,8.539188183203079
8.46,8.5,8.512403434868942
8.56,7.9,8.541642934813574
8.58,7.9,8.541070073874716
8.6,8.5,8.534365027058712
8.54,7.9,8.540624643682895
8.6,8.5,8.536196558244209
8.54,8.5,8.537368116194283
8.58,7.9,8.536646981129586
8.58,8.5,8.537190438726745
8.6,8.5,8.536106813780966
8.6,8.5,8.525948693122155
8.66,8.5,8.539493951375368
8.56,8.5,8.533820416084463
8.62,8.5,8.528995668384864
8.6,7.9,8.53166984296688
8.6,7.9,8.53164658381997
8.6,8.5,8.529380646565356
8.54,7.9,8.548111013191985
8.44,7.9,8.550915908769575
8.68,7.2,8.566227913461116
8.7,7.2,8.56637810993569
8.66,7.2,8.56642632879867
8.66,7.2,8.573393368549612
8.74,7.9,8.568387431354365
8.68,7.9,8.576536232470357
8.68,7.2,8.572738497021676
8.72,7.9,8.566122152181613
8.74,7.9,8.567893891313496
8.6,8.5,8.525310498368196
8.64,8.5,8.53188586480007
8.62,7.9,8.528192960909236
8.68,8.5,8.527954720540581
8.7,8.5,8.531810547473714
8.7,8.5,8.530768448128194
8.66,8.5,8.531147942071613
8.68,8.5,8.529449381518782
8.68,8.5,8.531203894808758
8.7,8.5,8.521900539805026
8.72,8.5,8.527431668144079
8.76,8.5,8.530545733032286
8.74,8.5,8.526797917015747
8.7,8.5,8.527848299303361
8.76,8.5,8.532565036086362
8.72,8.5,8.52770035246588
8.68,8.5,8.527364633759818
8.7,8.5,8.530080333942093
8.42,8.5,8.5751241733452
8.36,8.5,8.54266720588388
8.38,8.5,8.543102652564446
8.36,8.5,8.539154831530979
8.4,8.5,8.541266128685393
8.36,7.9,8.529916481178137
8.46,7.9,8.529826736714893
8.4,7.9,8.524139378596264
8.46,7.9,8.530373486436448
8.48,7.9,8.533484808268188
8.44,8.5,8.52443960500707
8.46,7.9,8.529555802756002
8.48,8.5,8.533673620748214
8.38,8.5,8.541134307678103
8.44,8.5,8.540694417371911
8.5,8.5,8.526387430051257
8.48,7.9,8.53588135562859
8.48,8.5,8.526881628173987
8.44,8.5,8.52638731916147
8.44,8.5,8.533150568351713
8.46,8.5,8.531845928879186
8.5,8.5,8.53577438532344
8.5,8.5,8.531174491467059
8.48,8.5,8.532070233654471
8.58,8.5,8.531911865127592
8.54,8.5,8.53178887800618
8.52,8.5,8.534259153013565
8.54,8.5,8.535086271137338
8.54,8.5,8.529473681277137
8.48,8.5,8.529788390473383
8.56,8.5,8.529081460766
8.6,8.5,8.53543197335466
8.54,8.5,8.534504578188457
8.58,8.5,8.53674489764514
8.6,8.5,8.53767229281134
8.56,8.5,8.533244756440585
8.6,8.5,8.533286282040844
8.58,8.5,8.529970622456334
8.56,8.5,8.532985833850468
8.56,8.5,8.527007247462075
8.58,8.5,8.536854609130897
8.58,8.5,8.534049713553307
8.62,8.5,8.537439592328317
8.6,8.5,8.530628784232809
8.62,8.5,8.530826539612647
8.64,8.5,8.534170451037625
8.6,8.5,8.534115649801711
8.58,8.5,8.530530645937683
8.6,8.5,8.532056410826746
8.6,8.5,8.531891898105075
8.56,8.5,8.538925421296494
8.64,8.5,8.532141051706645
8.58,8.5,8.537261694957062
8.56,8.5,8.54307873345982
8.6,8.5,8.537737077558512
8.6,8.5,8.535227415698168
8.6,8.5,8.526443820966545
8.62,8.5,8.531514542908962
8.64,8.5,8.528709098263443
8.58,8.5,8.531860245126284
8.64,7.9,8.558442040404351
8.66,7.2,8.557845371250654
8.68,7.2,8.559796599309024
8.66,7.2,8.559304650823384
8.66,7.2,8.558533485436758
8.66,7.2,8.560306814248015
8.66,7.2,8.562947746171863
8.68,7.2,8.559148421043808
8.66,7.9,8.559452597660865
8.76,7.2,8.560519545832669
8.68,7.2,8.558368861825297
8.68,7.9,8.557276293979708
8.64,7.9,8.562420854458892
8.66,7.9,8.559417654433537
8.68,7.2,8.560534522037484
8.66,7.9,8.557965068123526
8.66,7.9,8.560213779536234
8.68,7.2,8.562422555028057
8.54,7.9,8.54482963687709
8.5,7.9,8.548112053803434
8.62,7.9,8.548997923369377
8.54,7.5,8.552042759884781
8.58,7.5,8.548595830236767
8.54,7.9,8.549900469709293
8.54,8.5,8.74286757932047
8.56,8.5,8.529505223366142
8.6,8.5,8.52990073412582
8.64,8.5,8.532056410826746
8.64,8.5,8.536734912258025
8.62,8.5,8.529579991624571
8.7,8.5,8.525436664848357
8.68,8.5,8.525961855992163
8.72,8.5,8.529618663278582
8.66,8.5,8.523049990109424
8.7,8.5,8.526184571088075
8.64,8.5,8.528572835506383
8.74,8.5,8.532894061529706
8.66,8.5,8.52958997513583
8.7,8.5,8.52680778963722
8.74,8.5,8.530196627800784
8.7,8.5,8.520400775243482
8.66,8.5,8.524717008573251
8.66,8.5,8.528695822627792
8.68,8.5,8.52850805075921
8.7,8.5,8.523962409070814
8.72,8.5,8.528531309906121
8.54,7.9,8.548029662560626
8.54,7.9,8.549605235992045
8.58,8.2,8.55342123789408
8.6,7.9,8.550572456189347
8.58,7.9,8.551431227291914
8.58,8.2,8.550608059374394
8.56,8.2,8.549524434428614
8.5,8.2,8.54908843868012
8.6,7.9,8.541726708877231
8.62,7.9,8.550959134939003
8.52,7.9,8.550350892594672
8.42,7.9,8.551467100240902
8.62,7.9,8.546214808149106
8.6,7.9,8.561092406771529
8.72,7.2,8.564934466525491
8.64,7.9,8.560296941626545
8.7,7.2,8.561603830736166
8.72,7.2,8.560643192911796
8.76,7.2,8.562129021879972
8.72,7.2,8.56208749627971
8.78,7.2,8.559157363943617
8.8,7.5,8.560914126870687
8.7,7.2,8.557401752517784
8.7,7.2,8.565369364138123
8.74,7.2,8.56112630938741
8.66,7.2,8.560197324541832
8.72,7.9,8.56141210866133
8.72,7.2,8.559895286672077
8.7,7.9,8.55530087705277
8.76,7.9,8.553642252420826
8.82,7.9,8.557467086332885
8.82,7.9,8.560618233195724
8.78,7.9,8.559084185364563
8.76,7.9,8.557892000434261
8.8,7.9,8.56059771710528
8.8,7.9,8.559711847539338
8.78,7.9,8.56606565225239
8.8,7.9,8.564958768159702
8.78,7.9,8.56978576549639
8.78,7.2,8.564626999659895
8.56,7.9,8.567558723551215
8.5,7.9,8.567224594524529
8.5,7.9,8.551622840352817
8.32,8.2,8.526168665161599
8.38,8.2,8.526258409624843
8.4,8.5,8.527487731771014
8.4,8.5,8.530609475292154
8.36,8.5,8.528941796870612
8.32,8.5,8.531682567658747
8.4,8.5,8.536978858643328
8.4,8.5,8.52983447058906
8.44,8.5,8.52668332372622
8.3,8.5,8.537150502805858
8.38,8.5,8.528016215039214
8.4,8.5,8.538240821014357
8.42,8.5,8.535608172032607
8.42,8.5,8.537150502805858
8.42,8.5,8.531089190629444
8.44,8.5,8.530718639585839
8.4,8.5,8.531270382000947
8.4,7.9,8.53901697909454
8.4,8.5,8.536399306317604
8.4,8.5,8.531267089876556
8.38,8.5,8.532719676186563
8.46,8.5,8.531080907687349
8.46,8.5,8.528359063310283
8.36,8.2,8.546036908901995
8.38,7.9,8.556011590428065
8.4,7.9,8.551418500724191
8.3,7.9,8.551451083424642
8.3,7.9,8.555012717251971
8.3,7.9,8.5746348148302
8.26,7.9,8.564566436758776
8.34,7.2,8.563975800910082
8.3,7.9,8.562842367421945
8.28,7.9,8.559578106059167
8.36,8.5,8.530884741986887
8.36,8.5,8.530549572348752
8.36,8.5,8.533273006405194
8.44,8.5,8.52780008044038
8.46,8.5,8.527185144833332
8.48,8.5,8.528079297341367
8.52,8.5,8.529506923935307
8.46,8.5,8.529309168555466
8.46,8.5,8.532372820592155
8.38,8.5,8.53103493846146
8.36,8.5,8.536812041043332
8.4,8.5,8.53213002758394
8.46,8.5,8.529842642641368
8.48,8.5,8.531494574010592
8.46,8.5,8.529269232634581
8.46,8.5,8.533797156937554
8.48,8.5,8.530047640351855
8.48,8.5,8.52982596586739
8.5,8.5,8.533033725425092
8.46,8.5,8.531818830415808
8.54,8.5,8.525303805105475
8.46,8.5,8.535252486304028
8.44,8.5,8.528594504973917
8.5,8.5,8.525789060328398
8.48,8.5,8.524903190762457
8.54,8.5,8.532717864727614
8.46,8.2,8.526862923542492
8.5,7.9,8.551533753971434
8.56,7.9,8.557761279438685
8.54,7.9,8.55782776475502
8.54,7.9,8.556137487144284
8.6,7.2,8.559928529330245
8.4,7.9,8.566700554881956
8.46,7.9,8.563426420897708
8.6,7.9,8.558096998144748
8.5,7.9,8.563709588004949
8.54,7.9,8.564158310321163
8.56,7.9,8.563649795951333
8.42,7.9,8.56508998257465
8.52,7.9,8.560995588391833
8.46,7.9,8.552682274554172
8.46,7.9,8.561931266500133
8.52,7.9,8.562733973975764
8.54,7.9,8.569084486564424
8.36,7.9,8.543696863346668
8.34,7.5,8.552001894242236
8.4,8.2,8.551205769139537
8.44,8.5,8.517961112603441
8.4,8.5,8.528859017309887
8.22,8.5,8.522942090082616
8.38,8.5,8.524394676392626
8.34,8.5,8.527421350087604
8.46,8.5,8.52808604604898
8.42,8.5,8.525360306910553
8.52,8.5,8.524022424779856
8.5,8.5,8.527266606354479
8.5,8.5,8.526051711345193
8.48,8.5,8.521899990737099
8.5,8.5,8.523436288205348
8.5,8.5,8.525403533079977
8.56,8.5,8.533133453399595
8.5,8.5,8.52623120027168
8.5,8.5,8.526051711345193
8.54,8.5,8.526126479603622
8.54,8.5,8.530532457396633
8.54,8.5,8.529769574952102
8.52,8.5,8.52679961758491
8.54,8.5,8.5226878328977
8.52,8.5,8.522204167354156
8.54,8.5,8.52391825317973
8.52,8.5,8.525322071558827
8.5,8.5,8.521948209600078
8.56,8.5,8.519355496539212
8.54,8.5,8.516754500536251
8.52,8.5,8.522237410012321
8.54,8.5,8.526766374926744
8.52,8.5,8.526327527107856
8.52,8.5,8.522697705519173
8.52,8.5,8.521047363829325
8.52,8.5,8.521885014532284
8.54,8.5,8.756187275788381
8.26,8.5,8.546733182095213
8.22,8.5,8.52728542187576
8.28,8.5,8.527996246140843
8.24,8.5,8.536736995356772
8.24,8.5,8.528319238279185
8.24,8.5,8.528554679942816
8.3,8.5,8.533429236184771
8.28,8.5,8.528292028926021
8.28,8.5,8.53055571654354
8.26,8.5,8.527308131954742
8.28,8.5,8.526143045487814
8.36,8.5,8.526397413562515
8.24,8.5,8.524852722262382
8.38,8.5,8.525880505360803
8.26,8.5,8.526733132268577
8.24,8.5,8.530297015733
8.24,8.5,8.524283151572064
8.26,8.5,8.528925890944137
8.22,8.5,8.541625106538365
8.26,7.9,8.531807806293102
8.3,7.9,8.528405692493887
8.26,8.5,8.534827572202653
8.3,7.9,8.533391662666618
8.24,7.9,8.54037537731568
8.3,8.5,8.532606672576412
8.34,7.9,8.537569932670161
8.32,7.9,8.53072088922293
8.26,7.9,8.526831819631632
8.38,8.5,8.529811100552365
8.36,7.9,8.528325931541902
8.3,8.5,8.532696417039656
8.32,8.5,8.53433233159262
8.4,8.5,8.535412117221929
8.3,7.9,8.531179595050403
8.32,7.9,8.56136059954981
8.24,7.2,8.568515409293475
8.36,7.9,8.564209270364753
8.4,7.2,8.563300690719833
8.36,7.2,8.565762133717193
8.36,7.9,8.557602800022016
8.4,7.9,8.561971091531232
8.4,7.9,8.555545810684144
8.38,7.9,8.557621615543297
8.44,7.9,8.559705814234334
8.44,7.9,8.569061229293368
8.46,7.9,8.562830411701723
8.4,7.9,8.55786704071819
8.4,7.9,8.564268021806923
8.4,7.9,8.563127895056065
8.42,7.9,8.564391008928332
8.38,7.9,8.566368786382148
8.16,7.9,8.53010595361588
8.32,7.9,8.552263774411529
8.18,8.2,8.553651575974369
8.48,8.5,8.521831804851603
8.4,8.5,8.535953874249927
8.42,8.5,8.532667013697955
8.42,8.5,8.536343351704602
8.46,8.5,8.538354371816586
8.44,8.5,8.533288093499795
8.46,8.5,8.532402223933854
8.48,8.5,8.535453642822192
8.42,8.5,8.532383957480501
8.42,8.5,8.538752736522513
8.46,8.5,8.532786161502898
8.44,8.5,8.534102925109844
8.46,8.5,8.532921272758726
8.5,8.5,8.534604857106741
8.46,8.5,8.52675809198465
8.48,8.5,8.524434612313511
8.48,8.5,8.52981938349446
8.46,8.5,8.526822876731819
8.46,8.5,8.525180817984065
8.46,8.5,8.527775120724309
8.48,8.5,8.524809274313384
8.46,8.5,8.526664946383079
8.56,7.2,8.563120652725418
8.5,7.9,8.565534480761633
8.4,7.9,8.557767312743687
8.42,7.9,8.551476592208642
8.42,7.9,8.550318199004433
8.36,7.9,8.555567860805407
8.34,7.9,8.554681991239464
8.36,7.9,8.56203296855945
8.38,7.9,8.562199730918213
8.54,8.5,8.51943081386557
8.5,8.5,8.527555695876936
8.52,8.5,8.53082824018181
8.56,8.5,8.529629911056716
8.54,8.5,8.538368688063684
8.54,8.5,8.532435355702233
8.5,8.5,8.529475381846302
8.56,8.5,8.533919594991033
8.48,8.5,8.521693952415163
8.5,8.5,8.525248892979777
8.5,8.5,8.523851218795466
8.54,8.5,8.528079846409296
8.54,8.5,8.534973816595116
8.5,8.5,8.531911865127592
8.54,8.5,8.534448625451308
8.52,8.5,8.532076377849263
8.48,8.5,8.538922680115885
8.5,8.5,8.532905747485982
8.5,8.5,8.531536212376498
8.54,8.5,8.537323847537555
8.5,8.5,8.535033610524586
8.6,7.2,8.572097012019178
8.58,7.2,8.568781352434666
8.62,7.2,8.562708465191763
8.64,7.2,8.562995965034846
8.58,7.2,8.563521156178652
8.6,7.9,8.558205009061343
8.6,7.9,8.5531237545397385
8.6,7.2,8.5612824282772
8.6,7.2,8.559598733039396
8.38,7.2,8.565660816063316
8.42,7.2,8.565571071600072
8.48,7.2,8.564472470449477
8.5,7.2,8.570314468668311
8.52,7.2,8.569576545939851
8.46,7.9,8.569487350544536
8.52,7.2,8.568288472351512
8.46,7.2,8.566589911798681
8.5,7.2,8.566739392666985
8.4,7.2,8.562530185290921
8.4,7.2,8.563670312041776
8.4,7.2,8.5609546118595
8.42,7.9,8.564991628288283
8.4,7.2,8.566533409993607
8.28,7.9,8.56689298987256
8.46,7.2,8.562109165747241
8.18,8.5,8.531802264531619
8.28,7.9,8.536758393184508
8.24,7.9,8.530710356643743
8.26,7.9,8.531596226209684
8.26,7.9,8.543388122674154
8.3,7.9,8.537283584328316
8.26,7.9,8.527461182375566
8.28,7.9,8.53534733247476
8.24,7.9,8.53485538398912
8.28,8.5,8.536651971947286
8.26,8.5,8.538131656720674
8.2,7.9,8.555567971695194
8.24,7.2,8.558145708551246
8.16,7.2,8.560723445407298
8.06,7.2,8.56744291936019
8.22,7.9,8.55085101313262
8.18,7.9,8.553698094268185
8.22,7.9,8.552247097637553
8.28,7.9,8.551572369976888
8.16,7.9,8.554666904144865
8.2,7.9,8.551121947091511
8.18,7.9,8.55196629105719
8.22,7.9,8.548602412609698
8.12,7.9,8.552451546280112
8.2,7.9,8.557582173041785
8.14,7.9,8.55587532954686
8.1,7.9,8.54209719701542
8.18,8.5,8.538107850381692
8.24,8.5,8.534341767911803
8.26,8.5,8.529831618518664
8.22,8.5,8.536510609358594
8.3,8.5,8.539001891999941
8.3,8.5,8.54139855025013
8.26,8.5,8.5381432317871635
8.34,8.5,8.537017532173191
8.18,8.5,8.529438848939595
8.28,8.5,8.521683968903908
8.32,8.5,8.526046720527493
8.36,7.9,8.55341849671347
8.36,7.9,8.552213474325654
8.36,7.9,8.558851597647182
8.34,7.9,8.56142160062907
8.38,7.9,8.568501094922233
8.4,7.2,8.565413141251332
8.36,7.9,8.566742740439933
8.4,7.9,8.564429244280053
8.36,7.9,8.555872586490393
8.28,7.2,8.56138775345808
8.36,7.9,8.560714670921685
8.42,7.9,8.557563524058846
8.4,7.9,8.562836994074658
8.22,7.9,8.543909594931321
8.32,8.5,8.534140609517781
8.28,8.5,8.530972896770754
8.34,8.5,8.539342712413491
8.36,8.5,8.531456562314299
8.74,8.5,8.570899934115767
8.62,7.9,8.543446763226534
8.64,8.5,8.553097190223244
8.6,7.9,8.541929392169354
8.6,7.9,8.542848504393463
8.52,7.9,8.5423565559078245
8.5,7.9,8.53537284125876
8.5,8.5,8.51631576360715
8.48,7.9,8.539082421923574
8.48,7.9,8.536218774903816
8.48,7.9,8.534520214350986
8.52,7.9,8.53723591453326
8.46,7.9,8.540524475654397
8.46,8.2,8.526742075168388
8.5,7.9,8.527569742360091
8.4,7.9,8.532444409491832
8.48,7.9,8.53217347553294
8.42,7.9,8.53264216487167
8.46,7.9,8.538467486316524
8.42,7.9,8.534428880208369
8.42,7.9,8.542429623597089
8.42,7.9,8.529685483140131
8.4,7.9,8.539007653665145
8.38,8.5,8.539140513408023
8.38,7.9,8.533830510485508
8.36,7.9,8.530604046296311
8.42,7.9,8.537110788664545
8.38,7.9,8.53631466356185
8.38,7.9,8.53902208080203
8.36,7.9,8.535775045281158
8.34,7.9,8.540501765575417
8.44,7.9,8.537527858001972
8.42,7.9,8.53396622417464
8.38,7.9,8.538736719706254
8.46,7.9,8.539622589272195
8.52,7.9,8.54402495906835
8.48,7.5,8.563202774204282
8.56,7.2,8.57432208175539
8.46,7.2,8.571972052688805
8.5,7.2,8.571553171892432
8.44,7.2,8.56848847736844
8.48,7.9,8.570078477936747
8.5,7.9,8.553527718531564
8.24,7.2,8.564513996049742
8.24,7.9,8.569699422171473
8.2,7.2,8.56714823471087
8.26,7.2,8.566254082202832
8.28,7.2,8.569897177551312
8.26,7.9,8.5642756447913
8.3,7.2,8.567460034312308
8.26,7.9,8.565901137654864
8.44,8.5,8.550921877293309
8.38,7.9,8.535526821401245
8.3,7.9,8.540845767223573
8.4,7.9,8.536629261868306
8.4,8.5,8.53405925888642
8.4,8.5,8.530547433601447
8.48,8.5,8.537825341356312
8.38,7.9,8.534572876839595
8.38,7.9,8.53240063425448
8.36,7.9,8.531719213331096
8.42,8.5,8.534767231081108
8.4,7.9,8.536693499423405
8.36,7.9,8.53291298981663
8.42,8.5,8.533334611793613
8.36,8.5,8.532006602284389
8.4,8.5,8.536333368193345
8.38,8.5,8.533238174067652
8.36,8.5,8.529339670033023
8.38,8.5,8.537592642749141
8.4,8.5,8.540215746397779
8.38,8.5,8.530944646806143
8.44,8.5,8.535368891052507
8.44,8.5,8.53144986905158
8.36,8.5,8.527370445285246
8.38,8.5,8.529482402397376
8.42,8.5,8.529521789250332
8.36,8.5,8.532032111068391
8.4,8.5,8.5294958998126
8.36,8.5,8.532257569220766
8.36,8.5,8.534835306076817
8.36,8.5,8.530592251326102
8.38,8.5,8.531111298275118
8.4,8.5,8.528001238834399
8.38,8.5,8.522515475412076
8.38,8.5,8.52404124030114
8.36,8.5,8.524589141523926
8.4,8.5,8.535953874249927
8.22,7.9,8.565289385158277
8.22,7.9,8.56358254166335
8.28,7.9,8.564091166922967
8.24,7.9,8.564549870874586
8.24,7.9,8.558513518414243
8.44,7.2,8.565898507364041
8.42,8.2,8.568767694269429
8.42,7.2,8.56953057671396
8.44,7.5,8.568815364064482
8.44,7.2,8.569232544291692
8.48,7.9,8.547744414230491
8.34,8.5,8.541967516631292
8.26,8.5,8.546798957593607
8.28,8.5,8.546936371851903
8.26,8.5,8.547641051922195
8.42,8.5,8.531904131253425
8.42,7.9,8.537874220177008
8.4,7.9,8.540756022760332
8.36,7.9,8.538015362861984
8.42,8.5,8.537915085819554
8.46,8.5,8.534328381386365
8.38,7.9,8.536817144626676
8.5,7.9,8.528709869110946
8.52,7.9,8.528766370916022
8.5,7.9,8.532657141076486
8.42,7.9,8.53878323800007
8.52,7.9,8.539408157118379
8.48,7.9,8.539318412655135
8.48,7.9,8.539966590920352
8.4,7.9,8.543428496773181
8.44,7.9,8.541673434415276
8.38,7.9,8.54198589397443
8.6,8.5,8.514460971398886
8.58,8.5,8.517854800380153
8.54,8.5,8.535666263517058
8.58,8.5,8.521903940943353
8.6,8.5,8.5286078896235
8.54,8.5,8.524852339732798
8.58,8.5,8.528657809055643
8.58,8.2,8.52109964191249
8.5,8.2,8.524158796550852
8.54,8.2,8.527172529155395
8.54,7.9,8.527436222659494
8.68,7.9,8.534597027263834
8.7,7.2,8.559154731776939
8.66,7.2,8.555003122058631
8.68,8.2,8.553803092364372
8.66,8.2,8.561860448447957
8.66,7.9,8.56855929729647
8.64,7.9,8.560881435156302
8.44,8.2,8.54269036531034
8.46,8.2,8.544213769672526
8.46,8.2,8.540933053315344
8.56,8.2,8.556269908709021
8.6,8.2,8.550609099985842
8.62,7.9,8.560027488333096
8.68,7.9,8.566132688512509
8.46,7.9,8.566598085726847
8.36,8.5,8.517063776984944
8.34,8.5,8.515488203553524
8.34,8.5,8.514437821265911
8.3,8.2,8.516374073119467
8.26,8.5,8.516718074767622
8.18,8.5,8.522523318300173
8.08,7.5,8.525648573849427
8,8.5,8.502687450401703
8.12,8.5,8.51368481144285
8.14,8.5,8.530431026977114
8.12,8.5,8.528330262401887
8.12,8.5,8.514462670092195
8.08,8.5,8.522644713866352
8.06,8.5,8.52298372469681
8.06,8.5,8.516506932862345
8.08,8.5,8.525795860729193
8.04,8.5,8.524971485661885
8.04,8.5,8.523595917247397
8.06,8.5,8.525616811856704
8.06,8.5,8.52518750937093
8.08,8.5,8.527611266084499
8.02,8.5,8.522694524284564
8.04,8.5,8.527376317840236
8,8.5,8.527893226041948
8.42,8.5,8.531861945695445
8.4,8.5,8.517047100210966
8.44,8.5,8.514766846709254
8.42,8.5,8.515292037853062
8.46,8.2,8.528775596624968
8.46,8.2,8.529300787768776
8.44,8.2,8.53363517666211
8.54,7.2,8.546484808634627
8.5,8.2,8.541922601062039
8.52,7.2,8.544909235203207
8.5,7.2,8.542087113783712
8.5,8.2,8.546606095186874
8.48,8.2,8.544909235203207
8.5,7.2,8.541922601062039
8.48,7.2,8.543333661771788
8.5,7.2,8.542283279484174
8.48,7.2,8.544909235203207
8.52,8.2,8.54280847062798
8.5,8.2,8.542104339625617
8.5,7.9,8.5920846122989
8.46,7.2,8.561255496352166
8.46,7.2,8.55458594183142
8.44,8.2,8.55245692541573
8.48,7.2,8.553071861022778
8.46,8.2,8.520932181151682
8.38,8.5,8.514916932294042
8.42,8.5,8.508268387283113
8.44,8.5,8.510715403143589
8.44,8.5,8.51229097657501
8.42,8.5,8.50951493527119
8.46,8.5,8.510565317558802
8.44,8.5,8.513387438978299
8.42,8.5,8.521918368080238
8.42,8.5,8.526926005844645
8.42,8.5,8.524416452998237
8.42,8.5,8.521076271875796
8.44,8.5,8.5186193833938475
8.44,8.2,8.518540171509791
8.4,8.2,8.520030444103595
8.44,8.2,8.517504216359065
8.44,8.2,8.51456135745525
8.46,8.5,8.511466163329558
8.42,8.2,8.517258242116243
8.42,8.2,8.520386678900103
8.44,8.2,8.519827696030202
8.46,8.2,8.517245515548522
8.46,8.5,8.520214923847783
8.44,8.5,8.51125502142428
8.5,8.5,8.757471507777073
8.4,8.5,8.515817228996868
8.34,8.5,8.516163480282119
8.36,8.5,8.518264244857345
8.3,8.5,8.522990965151603
8.34,8.5,8.517378375291404
8.34,8.5,8.519314627144958
8.36,7.2,8.526846243016806
8.32,8.5,8.520543949291127
8.32,8.5,8.518789436001152
8.34,8.5,8.518099732135672
8.3,8.5,8.522105095585664
8.32,8.5,8.517196636727826
8.36,8.2,8.51868822923706
8.32,8.2,8.511303900244979
8.36,8.2,8.511664578667114
8.34,8.2,8.513271805077324
8.32,8.2,8.513107292355652
8.36,8.2,8.515208056930877
8.36,7.5,8.524496984797725
8.36,8.2,8.515043544209206
8.48,8.5,8.519246496500692
8.4,8.2,8.516062273518028
8.34,8.2,8.516979796062762
8.6,8.2,8.513993161921594
8.56,8.2,8.520295455647272
8.6,8.2,8.514157674643265
8.62,8.2,8.517669499928239
8.52,8.2,8.514682865787071
8.54,8.2,8.512746613933517
8.46,8.2,8.512746613933517
8.54,8.2,8.521510350656557
8.6,7.2,8.551601061624792
8.62,8.2,8.554019223211498
8.6,7.2,8.568535212468154
8.6,7.9,8.562552895369901
8.72,7.2,8.566814876531684
8.62,7.2,8.546862712898669
8.56,7.9,8.558714294278674
8.56,7.9,8.559641689444879
8.6,8.2,8.55074673622737
8.58,8.2,8.553289585300988
8.58,8.2,8.542990209191558
8.56,8.2,8.541610801460601
8.42,7.5,8.5429945419274
8.46,8.2,8.54315905464907
8.44,8.2,8.541616174807888
8.42,7.2,8.542955757507746
8.48,7.2,8.545776067468294
8.54,7.5,8.53632273776956
8.52,8.5,8.517294664133164
8.5,8.5,8.512438263454774
8.46,8.5,8.515283644021178
8.52,8.5,8.51122336844549
8.48,8.5,8.515424897595942
8.5,8.5,8.514205011768958
8.52,8.5,8.51469196756104
8.5,8.5,8.518021013670987
8.54,8.5,8.746168811768095
8.56,8.5,8.50478821497693
8.62,8.5,8.526955847364487
8.54,8.5,8.520525573823841
8.54,8.5,8.520665126829442
8.54,8.5,8.519852435842555
8.54,8.5,8.516457015306056
8.5,8.5,8.51445597870533
8.54,8.5,8.520435829360599
8.54,8.5,8.518443075701969
8.56,8.5,8.519952163817054
8.58,8.5,8.527994543695826
8.56,8.5,8.518534409844587
8.52,8.5,8.52109058999875
8.54,8.5,8.525268860002292
8.56,8.5,8.516827566349663
8.54,8.5,8.517769937720681
8.54,8.5,8.511569072538666
8.54,8.5,8.51279066081067
8.56,8.5,8.517648651168434
8.6,7.2,8.567953300837523
8.58,8.2,8.567278573176857
8.62,7.2,8.562993992825882
8.6,7.2,8.56063556805156
8.64,7.2,8.562570119335952
8.52,7.2,8.562219257886731
8.54,8.2,8.559410140463088
8.66,7.2,8.566239216887805
8.62,7.2,8.567512863339257
8.62,8.2,8.561366799393154
8.68,8.2,8.5598721365391
8.64,7.2,8.556777491481336
8.62,7.5,8.551963769780299
8.64,7.2,8.556611278190502
8.62,8.2,8.560756305535877
8.62,8.2,8.530831434461609
8.56,8.2,8.53835531645929
8.62,8.2,8.542277628708757
8.6,8.2,8.548704501111079
8.62,8.2,8.544127866401604
8.6,8.2,8.54018843920002
8.6,8.2,8.540094853544455
8.6,7.5,8.539274317793613
8.64,8.5,8.515568402683652
8.64,8.5,8.515754035804926
8.66,8.5,8.525376981808675
8.74,8.5,8.514132493147619
8.68,8.5,8.515059888313823
8.72,8.5,8.514534697170017
8.72,8.5,8.519992646930016
8.66,8.5,8.519384404585685
8.68,8.5,8.519096904742602
8.7,8.5,8.521262454064999
8.72,8.5,8.517439869790037
8.6,8.5,8.540970837443732
8.54,7.5,8.527112735225925
8.48,7.5,8.527185913804978
8.54,8.5,8.52126859825979
8.54,8.5,8.521670802282188
8.6,8.5,8.522819211975138
8.54,8.5,8.513811750646369
8.58,8.5,8.525971948517354
8.54,8.5,8.526088902333761
8.58,8.5,8.52382137539977
8.56,8.2,8.516801787801718
8.52,8.2,8.526265211901494
8.54,8.2,8.520322006918574
8.6,8.2,8.516202979900717
8.58,8.2,8.514981940696641
8.56,8.2,8.517826661305332
8.58,7.2,8.55590171631644
8.62,7.2,8.555097308271646
8.54,7.2,8.551533973875152
8.46,7.2,8.558671726191111
8.54,7.5,8.547481981241557
8.54,7.5,8.555072348555576
8.58,7.2,8.55562079884629
8.5,7.5,8.559174149731525
8.6,7.2,8.54991177126013
8.54,8.2,8.523997916287119
8.48,7.5,8.541241069045206
8.56,7.5,8.547725045889571
8.64,7.9,8.566063949807372
8.64,7.2,8.561286871902828
8.58,7.9,8.566271579684539
8.58,7.9,8.557264720789073
8.62,8.2,8.551192493503885
8.62,8.2,8.551036263724308
8.46,8.2,8.550008480625888
8.44,8.2,8.506328471784148
8.36,8.5,8.508341565862166
8.38,8.5,8.506888979552155
8.36,8.5,8.510606843159064
8.4,8.5,8.513537524563086
8.4,8.5,8.518612690131128
8.34,8.5,8.509244001312295
8.42,8.5,8.512272161053726
8.42,8.5,8.51093586860241
8.44,8.5,8.5121679894536
8.38,8.5,8.51229097657501
8.46,8.5,8.51024616473693
8.38,8.5,8.510771355880737
8.4,8.5,8.509556460871451
8.38,8.5,8.510565317558802
8.44,8.5,8.510067224878373
8.38,8.5,8.50986118655644
8.38,8.5,8.516332436629416
8.4,8.5,8.51423880349505
8.42,8.2,8.526324026249078
8.42,8.2,8.537367467405904
8.4,7.9,8.57533401335392
8.44,8.2,8.548359456975618
8.44,8.2,8.549230350336744
8.46,7.2,8.544541203560637
8.48,8.2,8.546927497645838
8.5,8.2,8.529541277774522
8.42,7.2,8.545287139467248
8.48,8.2,8.536884081166344
8.5,8.2,8.540199740750854
8.5,8.2,8.540381479314432
8.48,7.2,8.54673972577726
8.4,7.9,8.556764051183196
8.68,7.5,8.536500579492262
8.5,8.2,8.54072493189466
8.52,8.2,8.54072493189466
8.54,8.2,8.537213106609686
8.56,7.5,8.535305709029902
8.48,7.2,8.543515400335364
8.44,8.2,8.513404664820204
8.44,8.2,8.506920632530948
8.48,8.2,8.508842457247617
8.52,8.2,8.51269773511282
8.42,8.5,8.509458982534042
8.46,8.5,8.51197637826855
8.52,8.5,8.513912630122105
8.52,8.5,8.515488203553524
8.6,8.5,8.5055095718212
8.56,8.5,8.510596970537595
8.48,8.5,8.504459189533586
8.5,8.5,8.506171025722068
8.56,8.2,8.50895491178984
8.62,7.5,8.538944796647717
8.6,8.2,8.544441094932404
8.5,7.2,8.544926461045113
8.56,8.2,8.542643957906309
8.44,7.2,8.54421953133773
8.48,8.2,8.543333661771788
8.46,8.2,8.544744722481536
8.46,8.2,8.54561616491059
8.46,8.2,8.54561616491059
8.5,8.2,8.541232897196561
8.4,8.2,8.515674496632517
8.4,8.2,8.50954658824998
8.38,8.2,8.513779770379223
8.38,8.2,8.510089005235693
8.42,8.2,8.512158116832127
8.38,8.2,8.513436317798995
8.4,8.2,8.507627562238332
8.38,8.2,8.509728326813558
8.3,8.2,8.504640928097164
8.44,8.2,8.506906205394062
8.44,8.2,8.51478407255116
8.38,8.2,8.509249653963568
8.38,8.5,8.513593477300232
8.36,8.5,8.515621063296406
8.42,8.5,8.517213862569731
8.42,8.5,8.517361149449497
8.4,8.5,8.513866550006428
8.4,8.5,8.520224796469256
8.42,8.5,8.512528667875735
8.44,8.5,8.512487142275473
8.4,8.5,8.515589410317615
8.4,8.5,8.514766846709254
8.5,8.5,8.518016076422326
8.42,8.5,8.511492712725005
8.44,8.5,8.52531049649234
8.46,8.5,8.522917239380476
8.42,8.5,8.525568043925794
8.42,8.5,8.527328648045186
8.46,8.5,8.528877123013228
8.44,8.5,8.519799335175803
8.44,8.5,8.522089572188774
8.44,8.5,8.520211522709458
8.5,8.5,8.527585757300495
8.44,8.5,8.518109057565068
8.5,8.5,8.513880977143312
8.52,8.5,8.517630493729014
8.48,8.5,8.51113203430287
8.6,8.2,8.544626617163894
8.5,8.2,8.551066874215797
8.52,7.9,8.557561823489683
8.56,7.9,8.557011123561875
8.54,8.2,8.541989356142318
8.46,8.2,8.537335814427111
8.5,8.2,8.537623314270194
8.38,8.2,8.51418587849936
8.46,8.5,8.509472258169694
8.4,8.5,8.510555883115472
8.46,8.5,8.511729252524496
8.46,8.5,8.512295420200635
8.48,8.5,8.514539029905855
8.46,7.2,8.567480003210678
8.46,7.2,8.56594820501661
8.6,7.2,8.572121971735251
8.54,7.2,8.551091173974156
8.58,7.2,8.548854695709796
8.54,7.9,8.562306810237295
8.46,7.2,8.560001047951582
8.52,7.9,8.556129204202188
8.52,8.2,8.530072283134261
8.56,7.2,8.544718883718678
8.54,7.2,8.541805428156563
8.64,8.2,8.531228426701379
8.54,8.2,8.537602198436947
8.6,8.2,8.530045184670882
8.66,7.2,8.54416203959608
8.7,7.2,8.546384861571056
8.7,7.2,8.549354269870317
8.72,7.2,8.555372904945237
8.52,8.5,8.51929438579214
8.56,8.5,8.519819576935946
8.5,8.5,8.50438129487446
8.54,8.5,8.507401060784005
8.48,8.5,8.507214989484588
8.52,8.5,8.506869287267268
8.5,8.5,8.520888227552767
8.58,8.5,8.517065643277801
8.46,8.5,8.531521732688883
8.52,8.5,8.535729844212266
8.62,7.2,8.545588736468355
8.7,7.2,8.54457159683891
8.62,8.2,8.548969291689827
8.7,7.2,8.54371738025176
8.7,7.2,8.54529295368318
8.64,7.2,8.544932275261045
8.7,7.2,8.545096787982716
8.8,8.2,8.536480338139443
8.7,8.2,8.543010450544376
8.72,8.2,8.5412559372544
8.64,8.2,8.547305676240182
8.62,8.2,8.549160466572589
8.76,7.5,8.539515851101308
8.68,7.2,8.550563133450453
8.64,7.2,8.554764662600906
8.64,8.2,8.543451438986425
8.66,8.2,8.549589219990432
8.54,7.2,8.552399657329508
8.62,7.2,8.550563133450453
8.58,8.2,8.551482245674563
8.66,8.2,8.541109692861935
8.64,8.2,8.55250596767694
8.54,7.9,8.556274682313507
8.58,8.2,8.549439572583786
8.58,8.2,8.542909022000712
8.6,8.2,8.546508891179766
8.5,8.2,8.545603052715455
8.62,8.5,8.50895507563768
8.56,8.5,8.509347407038605
8.56,8.5,8.50529316476792
8.58,8.5,8.509774515332179
8.58,8.5,8.524775598450756
8.58,8.5,8.525736236275128
8.58,8.5,8.524160662843707
8.66,8.5,8.525835964249628
8.6,8.5,8.507050476762917
8.6,8.5,8.508461537472662
8.6,8.5,8.509151241338143
8.58,8.5,8.505890708402044
8.5,8.5,8.512677493760002
8.58,8.5,8.50967643248195
8.52,8.5,8.51752105698088
8.6,8.5,8.515885142427917
8.44,8.5,8.54022205444041
8.42,8.5,8.516879022910455
8.46,8.5,8.517288358373714
8.46,8.5,8.505208962066162
8.44,8.5,8.516172642270998
8.42,8.5,8.511956136915732
8.42,8.5,8.508790562916008
8.46,8.5,8.507575667906723
8.42,8.5,8.512273589168442
8.46,8.5,8.509330181196699
8.42,8.5,8.507740180628394
8.4,8.5,8.509315754059815
8.46,8.5,8.509480266781486
8.48,8.5,8.50563941605317
8.48,8.5,8.507904693350067
8.62,7.2,8.550873890564588
8.58,8.2,8.541147377269876
8.54,8.2,8.539032185557764
8.56,8.2,8.538629981535365
8.54,7.2,8.545695157705577
8.42,8.2,8.532804000132797
8.46,7.2,8.540002036045887
8.46,8.2,8.542618119143452
8.48,8.2,8.541224284275609
8.42,8.2,8.536809363582787
8.44,7.2,8.541042545712031
8.5,8.5,8.5105306490691
8.58,8.2,8.543174963266049
8.58,8.2,8.536182965674891
8.58,8.2,8.540710779088077
8.62,8.2,8.544932275261045
8.64,8.2,8.543356701829625
8.62,8.2,8.540205554966786
8.6,8.2,8.542666997964147
8.56,8.2,8.541420449976071
8.54,8.2,8.548153199564611
8.6,7.2,8.547210828193595
8.56,7.2,8.544242571395568
8.6,8.2,8.545695157705577
8.6,8.2,8.54904680300472
8.68,8.2,8.556974480580031
8.62,8.2,8.547116092912649
8.6,8.2,8.546590901768845
8.42,8.5,8.513877961632403
8.56,8.5,8.51125200591337
8.38,8.5,8.52319854247804
8.3,8.5,8.515649700764284
8.28,8.5,8.520211908336872
8.28,8.5,8.52493862863113
8.26,8.5,8.518275656483317
8.18,8.5,8.520282837278833
8.3,8.5,8.527567438296416
8.3,8.5,8.519357691749722
8.28,8.5,8.51830730946211
8.3,8.5,8.518399907871602
8.3,8.5,8.515365603935383
8.28,8.5,8.509975729171092
8.2,8.5,8.509557999875954
8.18,8.5,8.53125694292478
8.16,8.5,8.509835516207778
8.14,8.5,8.515684096799541
8.12,8.5,8.519868951051873
8.1,8.5,8.519262298386916
8.06,8.5,8.522536432371165
8.02,8.5,8.507863882948751
8.02,8.5,8.54259545354369
7.98,8.5,8.518650762042338
7.9,8.5,8.527482577512796
7.88,8.5,8.531522884190117
8.66,8.5,8.52267609626655
8.8,8.5,8.524349697103311
8.78,8.5,8.525596245091386
8.78,8.5,8.52905370731859
8.68,8.5,8.514010821375281
8.56,8.5,8.515947073228837
8.46,8.2,8.532212103768938
